design_id,predictor,motif_local_cluster_id,motif_rmsd_to_reference,local_support_residue_count,motif_atoms_missing,representative_design,model_pdb
rfdiffusion_v1__design_9,af3,M26,0.8092217555704638,0,0,rfdiffusion_v1__design_9,/public/home/yinyifan/protein_design/examples/rsv_f_siteV_hRSV90_reproduction_5TPN_20260629/phase1_smoke/rfdiffusion_v1/array_work/design_9/predictions_flat/design_9.pdb
rfdiffusion_v1__design_7,af3,M25,0.8315725055699434,0,0,rfdiffusion_v1__design_7,/public/home/yinyifan/protein_design/examples/rsv_f_siteV_hRSV90_reproduction_5TPN_20260629/phase1_smoke/rfdiffusion_v1/array_work/design_7/predictions_flat/design_7.pdb
rfdiffusion_v1__design_15,af3,M15,0.7312926294909559,0,0,rfdiffusion_v1__design_15,/public/home/yinyifan/protein_design/examples/rsv_f_siteV_hRSV90_reproduction_5TPN_20260629/phase1_smoke/rfdiffusion_v1/array_work/design_15/predictions_flat/design_15.pdb
rfdiffusion_v1__design_4,af3,M22,0.9759984474964446,0,0,rfdiffusion_v1__design_4,/public/home/yinyifan/protein_design/examples/rsv_f_siteV_hRSV90_reproduction_5TPN_20260629/phase1_smoke/rfdiffusion_v1/array_work/design_4/predictions_flat/design_4.pdb
rfdiffusion_v1__design_18,af3,M18,0.8317954570652241,0,0,rfdiffusion_v1__design_18,/public/home/yinyifan/protein_design/examples/rsv_f_siteV_hRSV90_reproduction_5TPN_20260629/phase1_smoke/rfdiffusion_v1/array_work/design_18/predictions_flat/design_18.pdb
rfdiffusion_v1__design_14,af3,M14,0.7477300563816425,0,0,rfdiffusion_v1__design_14,/public/home/yinyifan/protein_design/examples/rsv_f_siteV_hRSV90_reproduction_5TPN_20260629/phase1_smoke/rfdiffusion_v1/array_work/design_14/predictions_flat/design_14.pdb
rfdiffusion_v1__design_16,af3,M16,0.818350478233792,0,0,rfdiffusion_v1__design_16,/public/home/yinyifan/protein_design/examples/rsv_f_siteV_hRSV90_reproduction_5TPN_20260629/phase1_smoke/rfdiffusion_v1/array_work/design_16/predictions_flat/design_16.pdb
rfdiffusion_v1__design_10,af3,M10,1.109092828129427,0,0,rfdiffusion_v1__design_10,/public/home/yinyifan/protein_design/examples/rsv_f_siteV_hRSV90_reproduction_5TPN_20260629/phase1_smoke/rfdiffusion_v1/array_work/design_10/predictions_flat/design_10.pdb
rfdiffusion_v1__design_11,af3,M11,1.3352265112105255,0,0,rfdiffusion_v1__design_11,/public/home/yinyifan/protein_design/examples/rsv_f_siteV_hRSV90_reproduction_5TPN_20260629/phase1_smoke/rfdiffusion_v1/array_work/design_11/predictions_flat/design_11.pdb
rfdiffusion_v1__design_19,af3,M19,2.126584361063361,0,0,rfdiffusion_v1__design_19,/public/home/yinyifan/protein_design/examples/rsv_f_siteV_hRSV90_reproduction_5TPN_20260629/phase1_smoke/rfdiffusion_v1/array_work/design_19/predictions_flat/design_19.pdb
rfdiffusion_v1__design_17,af3,M17,1.0140349336082901,0,0,rfdiffusion_v1__design_4,/public/home/yinyifan/protein_design/examples/rsv_f_siteV_hRSV90_reproduction_5TPN_20260629/phase1_smoke/rfdiffusion_v1/array_work/design_17/predictions_flat/design_17.pdb
rfdiffusion_v1__design_1,af3,M9,1.9593266962569864,0,0,rfdiffusion_v1__design_1,/public/home/yinyifan/protein_design/examples/rsv_f_siteV_hRSV90_reproduction_5TPN_20260629/phase1_smoke/rfdiffusion_v1/array_work/design_1/predictions_flat/design_1.pdb
rfdiffusion_v1__design_12,af3,M12,0.8747238839219907,0,0,rfdiffusion_v1__design_12,/public/home/yinyifan/protein_design/examples/rsv_f_siteV_hRSV90_reproduction_5TPN_20260629/phase1_smoke/rfdiffusion_v1/array_work/design_12/predictions_flat/design_12.pdb
rfdiffusion_v1__design_6,af3,M24,1.137925488628343,0,0,rfdiffusion_v1__design_4,/public/home/yinyifan/protein_design/examples/rsv_f_siteV_hRSV90_reproduction_5TPN_20260629/phase1_smoke/rfdiffusion_v1/array_work/design_6/predictions_flat/design_6.pdb
rfdiffusion_v1__design_0,af3,M8,0.9311536235434237,0,0,rfdiffusion_v1__design_0,/public/home/yinyifan/protein_design/examples/rsv_f_siteV_hRSV90_reproduction_5TPN_20260629/phase1_smoke/rfdiffusion_v1/array_work/design_0/predictions_flat/design_0.pdb
rfdiffusion_v1__design_13,af3,M13,1.6224752664427309,0,0,rfdiffusion_v1__design_12,/public/home/yinyifan/protein_design/examples/rsv_f_siteV_hRSV90_reproduction_5TPN_20260629/phase1_smoke/rfdiffusion_v1/array_work/design_13/predictions_flat/design_13.pdb
rfdiffusion_v1__design_2,af3,M20,1.2031382810686921,0,0,rfdiffusion_v1__design_2,/public/home/yinyifan/protein_design/examples/rsv_f_siteV_hRSV90_reproduction_5TPN_20260629/phase1_smoke/rfdiffusion_v1/array_work/design_2/predictions_flat/design_2.pdb
rfdiffusion_v1__design_3,af3,M21,0.8090058855779578,0,0,rfdiffusion_v1__design_3,/public/home/yinyifan/protein_design/examples/rsv_f_siteV_hRSV90_reproduction_5TPN_20260629/phase1_smoke/rfdiffusion_v1/array_work/design_3/predictions_flat/design_3.pdb
rfdiffusion_v1__design_5,af3,M23,2.28271253958576,0,0,rfdiffusion_v1__design_5,/public/home/yinyifan/protein_design/examples/rsv_f_siteV_hRSV90_reproduction_5TPN_20260629/phase1_smoke/rfdiffusion_v1/array_work/design_5/predictions_flat/design_5.pdb
foundry_rfd3__design_14,af3,M2,1.7263866954032232,0,0,foundry_rfd3__design_14,/public/home/yinyifan/protein_design/examples/rsv_f_siteV_hRSV90_reproduction_5TPN_20260629/phase1_smoke/foundry_rfd3/array_work/design_14/predictions_flat/design_14.pdb
foundry_rfd3__design_6,af3,M6,0.9330342011454243,0,0,foundry_rfd3__design_6,/public/home/yinyifan/protein_design/examples/rsv_f_siteV_hRSV90_reproduction_5TPN_20260629/phase1_smoke/foundry_rfd3/array_work/design_6/predictions_flat/design_6.pdb
foundry_rfd3__design_4,af3,M5,0.9239638037943504,0,0,foundry_rfd3__design_4,/public/home/yinyifan/protein_design/examples/rsv_f_siteV_hRSV90_reproduction_5TPN_20260629/phase1_smoke/foundry_rfd3/array_work/design_4/predictions_flat/design_4.pdb
foundry_rfd3__design_0,af3,M1,0.8291914130155464,0,0,foundry_rfd3__design_0,/public/home/yinyifan/protein_design/examples/rsv_f_siteV_hRSV90_reproduction_5TPN_20260629/phase1_smoke/foundry_rfd3/array_work/design_0/predictions_flat/design_0.pdb
foundry_rfd3__design_16,af3,M3,0.9903385578420466,0,0,foundry_rfd3__design_16,/public/home/yinyifan/protein_design/examples/rsv_f_siteV_hRSV90_reproduction_5TPN_20260629/phase1_smoke/foundry_rfd3/array_work/design_16/predictions_flat/design_16.pdb
foundry_rfd3__design_8,af3,M7,1.7772833652315674,0,0,foundry_rfd3__design_8,/public/home/yinyifan/protein_design/examples/rsv_f_siteV_hRSV90_reproduction_5TPN_20260629/phase1_smoke/foundry_rfd3/array_work/design_8/predictions_flat/design_8.pdb
foundry_rfd3__design_17,af3,M4,1.0110077600594196,0,0,foundry_rfd3__design_17,/public/home/yinyifan/protein_design/examples/rsv_f_siteV_hRSV90_reproduction_5TPN_20260629/phase1_smoke/foundry_rfd3/array_work/design_17/predictions_flat/design_17.pdb
