backbone_id,design_id,pass,plddt_mean,pae_mean,motif_rmsd,clash_count,ptm,iptm,ranking_score,prediction_has_clash,motif_atoms_compared,motif_atoms_missing,model_pdb,confidence_file,source_summary,task_dir,parse_error
design_8,design_8,FAIL,94.21723529411764,5.048291782086796,7.683394811233786,0,,,,,76,0,/public/home/yinyifan/protein_design/examples/epitope_scaffold/backend_comparison_20260628_195056/rfdiffusion_all_atom/array_work/design_8/predictions_flat/design_8.pdb,/public/home/yinyifan/protein_design/examples/epitope_scaffold/backend_comparison_20260628_195056/rfdiffusion_all_atom/array_work/design_8/predictions_flat/design_8.json,/public/home/yinyifan/protein_design/examples/epitope_scaffold/backend_comparison_20260628_195056/rfdiffusion_all_atom/array_work/design_8/filter_summary.csv,/public/home/yinyifan/protein_design/examples/epitope_scaffold/backend_comparison_20260628_195056/rfdiffusion_all_atom/array_work/design_8,
design_0,design_0,FAIL,93.71886414253898,8.357396449704142,7.559126775809995,0,,,,,76,0,/public/home/yinyifan/protein_design/examples/epitope_scaffold/backend_comparison_20260628_195056/rfdiffusion_all_atom/array_work/design_0/predictions_flat/design_0.pdb,/public/home/yinyifan/protein_design/examples/epitope_scaffold/backend_comparison_20260628_195056/rfdiffusion_all_atom/array_work/design_0/predictions_flat/design_0.json,/public/home/yinyifan/protein_design/examples/epitope_scaffold/backend_comparison_20260628_195056/rfdiffusion_all_atom/array_work/design_0/filter_summary.csv,/public/home/yinyifan/protein_design/examples/epitope_scaffold/backend_comparison_20260628_195056/rfdiffusion_all_atom/array_work/design_0,
design_5,design_5,FAIL,92.44680412371135,6.634894398530762,7.610388126390375,0,,,,,76,0,/public/home/yinyifan/protein_design/examples/epitope_scaffold/backend_comparison_20260628_195056/rfdiffusion_all_atom/array_work/design_5/predictions_flat/design_5.pdb,/public/home/yinyifan/protein_design/examples/epitope_scaffold/backend_comparison_20260628_195056/rfdiffusion_all_atom/array_work/design_5/predictions_flat/design_5.json,/public/home/yinyifan/protein_design/examples/epitope_scaffold/backend_comparison_20260628_195056/rfdiffusion_all_atom/array_work/design_5/filter_summary.csv,/public/home/yinyifan/protein_design/examples/epitope_scaffold/backend_comparison_20260628_195056/rfdiffusion_all_atom/array_work/design_5,
design_6,design_6,FAIL,91.3663692946058,7.605116002379536,7.605298999645514,0,,,,,76,0,/public/home/yinyifan/protein_design/examples/epitope_scaffold/backend_comparison_20260628_195056/rfdiffusion_all_atom/array_work/design_6/predictions_flat/design_6.pdb,/public/home/yinyifan/protein_design/examples/epitope_scaffold/backend_comparison_20260628_195056/rfdiffusion_all_atom/array_work/design_6/predictions_flat/design_6.json,/public/home/yinyifan/protein_design/examples/epitope_scaffold/backend_comparison_20260628_195056/rfdiffusion_all_atom/array_work/design_6/filter_summary.csv,/public/home/yinyifan/protein_design/examples/epitope_scaffold/backend_comparison_20260628_195056/rfdiffusion_all_atom/array_work/design_6,
design_1,design_1,FAIL,90.79119241192411,9.356543939801128,7.749204817626373,0,,,,,76,0,/public/home/yinyifan/protein_design/examples/epitope_scaffold/backend_comparison_20260628_195056/rfdiffusion_all_atom/array_work/design_1/predictions_flat/design_1.pdb,/public/home/yinyifan/protein_design/examples/epitope_scaffold/backend_comparison_20260628_195056/rfdiffusion_all_atom/array_work/design_1/predictions_flat/design_1.json,/public/home/yinyifan/protein_design/examples/epitope_scaffold/backend_comparison_20260628_195056/rfdiffusion_all_atom/array_work/design_1/filter_summary.csv,/public/home/yinyifan/protein_design/examples/epitope_scaffold/backend_comparison_20260628_195056/rfdiffusion_all_atom/array_work/design_1,
design_7,design_7,FAIL,89.14934782608695,9.846947604550552,7.456876587787712,0,,,,,76,0,/public/home/yinyifan/protein_design/examples/epitope_scaffold/backend_comparison_20260628_195056/rfdiffusion_all_atom/array_work/design_7/predictions_flat/design_7.pdb,/public/home/yinyifan/protein_design/examples/epitope_scaffold/backend_comparison_20260628_195056/rfdiffusion_all_atom/array_work/design_7/predictions_flat/design_7.json,/public/home/yinyifan/protein_design/examples/epitope_scaffold/backend_comparison_20260628_195056/rfdiffusion_all_atom/array_work/design_7/filter_summary.csv,/public/home/yinyifan/protein_design/examples/epitope_scaffold/backend_comparison_20260628_195056/rfdiffusion_all_atom/array_work/design_7,
design_9,design_9,FAIL,86.79684964200477,4.09585262345679,4.787464423627712,0,,,,,76,0,/public/home/yinyifan/protein_design/examples/epitope_scaffold/backend_comparison_20260628_195056/rfdiffusion_all_atom/array_work/design_9/predictions_flat/design_9.pdb,/public/home/yinyifan/protein_design/examples/epitope_scaffold/backend_comparison_20260628_195056/rfdiffusion_all_atom/array_work/design_9/predictions_flat/design_9.json,/public/home/yinyifan/protein_design/examples/epitope_scaffold/backend_comparison_20260628_195056/rfdiffusion_all_atom/array_work/design_9/filter_summary.csv,/public/home/yinyifan/protein_design/examples/epitope_scaffold/backend_comparison_20260628_195056/rfdiffusion_all_atom/array_work/design_9,
design_4,design_4,FAIL,85.54052307692308,3.292198347107438,3.412053062864838,0,,,,,76,0,/public/home/yinyifan/protein_design/examples/epitope_scaffold/backend_comparison_20260628_195056/rfdiffusion_all_atom/array_work/design_4/predictions_flat/design_4.pdb,/public/home/yinyifan/protein_design/examples/epitope_scaffold/backend_comparison_20260628_195056/rfdiffusion_all_atom/array_work/design_4/predictions_flat/design_4.json,/public/home/yinyifan/protein_design/examples/epitope_scaffold/backend_comparison_20260628_195056/rfdiffusion_all_atom/array_work/design_4/filter_summary.csv,/public/home/yinyifan/protein_design/examples/epitope_scaffold/backend_comparison_20260628_195056/rfdiffusion_all_atom/array_work/design_4,
design_2,design_2,FAIL,83.59117857142857,10.310297309027778,7.647118550085825,0,,,,,76,0,/public/home/yinyifan/protein_design/examples/epitope_scaffold/backend_comparison_20260628_195056/rfdiffusion_all_atom/array_work/design_2/predictions_flat/design_2.pdb,/public/home/yinyifan/protein_design/examples/epitope_scaffold/backend_comparison_20260628_195056/rfdiffusion_all_atom/array_work/design_2/predictions_flat/design_2.json,/public/home/yinyifan/protein_design/examples/epitope_scaffold/backend_comparison_20260628_195056/rfdiffusion_all_atom/array_work/design_2/filter_summary.csv,/public/home/yinyifan/protein_design/examples/epitope_scaffold/backend_comparison_20260628_195056/rfdiffusion_all_atom/array_work/design_2,
design_3,design_3,FAIL,80.89021505376344,5.9365478515625,4.161914716762399,0,,,,,76,0,/public/home/yinyifan/protein_design/examples/epitope_scaffold/backend_comparison_20260628_195056/rfdiffusion_all_atom/array_work/design_3/predictions_flat/design_3.pdb,/public/home/yinyifan/protein_design/examples/epitope_scaffold/backend_comparison_20260628_195056/rfdiffusion_all_atom/array_work/design_3/predictions_flat/design_3.json,/public/home/yinyifan/protein_design/examples/epitope_scaffold/backend_comparison_20260628_195056/rfdiffusion_all_atom/array_work/design_3/filter_summary.csv,/public/home/yinyifan/protein_design/examples/epitope_scaffold/backend_comparison_20260628_195056/rfdiffusion_all_atom/array_work/design_3,
