backend,design_id,raw_backbone_pdb,raw_source_structure,trb_path,raw_backbone_motif_rmsd,motif_atoms_compared,motif_atoms_missing,motif_residue_count,motif_residues_mapped,motif_residue_mapping_status,local_support_residue_count,backbone_length,raw_backbone_clash_count_around_motif,output_normalization_status,normalization_metadata
foundry_rfd3,design_0,/public/home/yinyifan/protein_design/examples/rsv_f_siteV_hRSV90_reproduction_5TPN_20260629/rfd3_parameter_sweep/conditions/rfd3_c02_a163_181_all_10_40/rfdiffusion_outputs/design_0.pdb,/public/home/yinyifan/protein_design/examples/rsv_f_siteV_hRSV90_reproduction_5TPN_20260629/rfd3_parameter_sweep/conditions/rfd3_c02_a163_181_all_10_40/foundry_rfd3/raw_outputs/input_motif_scaffold_0_model_0.cif.gz,/public/home/yinyifan/protein_design/examples/rsv_f_siteV_hRSV90_reproduction_5TPN_20260629/rfd3_parameter_sweep/conditions/rfd3_c02_a163_181_all_10_40/rfdiffusion_outputs/design_0.trb,0.0125411,76,0,19,19,complete,32,52,6,foundry_normalized,/public/home/yinyifan/protein_design/examples/rsv_f_siteV_hRSV90_reproduction_5TPN_20260629/rfd3_parameter_sweep/conditions/rfd3_c02_a163_181_all_10_40/rfdiffusion_outputs/design_0.foundry_metadata.json
foundry_rfd3,design_1,/public/home/yinyifan/protein_design/examples/rsv_f_siteV_hRSV90_reproduction_5TPN_20260629/rfd3_parameter_sweep/conditions/rfd3_c02_a163_181_all_10_40/rfdiffusion_outputs/design_1.pdb,/public/home/yinyifan/protein_design/examples/rsv_f_siteV_hRSV90_reproduction_5TPN_20260629/rfd3_parameter_sweep/conditions/rfd3_c02_a163_181_all_10_40/foundry_rfd3/raw_outputs/input_motif_scaffold_0_model_1.cif.gz,/public/home/yinyifan/protein_design/examples/rsv_f_siteV_hRSV90_reproduction_5TPN_20260629/rfd3_parameter_sweep/conditions/rfd3_c02_a163_181_all_10_40/rfdiffusion_outputs/design_1.trb,0.0125411,76,0,19,19,complete,30,52,0,foundry_normalized,/public/home/yinyifan/protein_design/examples/rsv_f_siteV_hRSV90_reproduction_5TPN_20260629/rfd3_parameter_sweep/conditions/rfd3_c02_a163_181_all_10_40/rfdiffusion_outputs/design_1.foundry_metadata.json
foundry_rfd3,design_2,/public/home/yinyifan/protein_design/examples/rsv_f_siteV_hRSV90_reproduction_5TPN_20260629/rfd3_parameter_sweep/conditions/rfd3_c02_a163_181_all_10_40/rfdiffusion_outputs/design_2.pdb,/public/home/yinyifan/protein_design/examples/rsv_f_siteV_hRSV90_reproduction_5TPN_20260629/rfd3_parameter_sweep/conditions/rfd3_c02_a163_181_all_10_40/foundry_rfd3/raw_outputs/input_motif_scaffold_1_model_0.cif.gz,/public/home/yinyifan/protein_design/examples/rsv_f_siteV_hRSV90_reproduction_5TPN_20260629/rfd3_parameter_sweep/conditions/rfd3_c02_a163_181_all_10_40/rfdiffusion_outputs/design_2.trb,0.0125411,76,0,19,19,complete,49,79,0,foundry_normalized,/public/home/yinyifan/protein_design/examples/rsv_f_siteV_hRSV90_reproduction_5TPN_20260629/rfd3_parameter_sweep/conditions/rfd3_c02_a163_181_all_10_40/rfdiffusion_outputs/design_2.foundry_metadata.json
foundry_rfd3,design_3,/public/home/yinyifan/protein_design/examples/rsv_f_siteV_hRSV90_reproduction_5TPN_20260629/rfd3_parameter_sweep/conditions/rfd3_c02_a163_181_all_10_40/rfdiffusion_outputs/design_3.pdb,/public/home/yinyifan/protein_design/examples/rsv_f_siteV_hRSV90_reproduction_5TPN_20260629/rfd3_parameter_sweep/conditions/rfd3_c02_a163_181_all_10_40/foundry_rfd3/raw_outputs/input_motif_scaffold_1_model_1.cif.gz,/public/home/yinyifan/protein_design/examples/rsv_f_siteV_hRSV90_reproduction_5TPN_20260629/rfd3_parameter_sweep/conditions/rfd3_c02_a163_181_all_10_40/rfdiffusion_outputs/design_3.trb,0.0125411,76,0,19,19,complete,39,79,0,foundry_normalized,/public/home/yinyifan/protein_design/examples/rsv_f_siteV_hRSV90_reproduction_5TPN_20260629/rfd3_parameter_sweep/conditions/rfd3_c02_a163_181_all_10_40/rfdiffusion_outputs/design_3.foundry_metadata.json
foundry_rfd3,design_4,/public/home/yinyifan/protein_design/examples/rsv_f_siteV_hRSV90_reproduction_5TPN_20260629/rfd3_parameter_sweep/conditions/rfd3_c02_a163_181_all_10_40/rfdiffusion_outputs/design_4.pdb,/public/home/yinyifan/protein_design/examples/rsv_f_siteV_hRSV90_reproduction_5TPN_20260629/rfd3_parameter_sweep/conditions/rfd3_c02_a163_181_all_10_40/foundry_rfd3/raw_outputs/input_motif_scaffold_2_model_0.cif.gz,/public/home/yinyifan/protein_design/examples/rsv_f_siteV_hRSV90_reproduction_5TPN_20260629/rfd3_parameter_sweep/conditions/rfd3_c02_a163_181_all_10_40/rfdiffusion_outputs/design_4.trb,0.0125411,76,0,19,19,complete,26,48,0,foundry_normalized,/public/home/yinyifan/protein_design/examples/rsv_f_siteV_hRSV90_reproduction_5TPN_20260629/rfd3_parameter_sweep/conditions/rfd3_c02_a163_181_all_10_40/rfdiffusion_outputs/design_4.foundry_metadata.json
foundry_rfd3,design_5,/public/home/yinyifan/protein_design/examples/rsv_f_siteV_hRSV90_reproduction_5TPN_20260629/rfd3_parameter_sweep/conditions/rfd3_c02_a163_181_all_10_40/rfdiffusion_outputs/design_5.pdb,/public/home/yinyifan/protein_design/examples/rsv_f_siteV_hRSV90_reproduction_5TPN_20260629/rfd3_parameter_sweep/conditions/rfd3_c02_a163_181_all_10_40/foundry_rfd3/raw_outputs/input_motif_scaffold_2_model_1.cif.gz,/public/home/yinyifan/protein_design/examples/rsv_f_siteV_hRSV90_reproduction_5TPN_20260629/rfd3_parameter_sweep/conditions/rfd3_c02_a163_181_all_10_40/rfdiffusion_outputs/design_5.trb,0.0125411,76,0,19,19,complete,27,48,0,foundry_normalized,/public/home/yinyifan/protein_design/examples/rsv_f_siteV_hRSV90_reproduction_5TPN_20260629/rfd3_parameter_sweep/conditions/rfd3_c02_a163_181_all_10_40/rfdiffusion_outputs/design_5.foundry_metadata.json
foundry_rfd3,design_6,/public/home/yinyifan/protein_design/examples/rsv_f_siteV_hRSV90_reproduction_5TPN_20260629/rfd3_parameter_sweep/conditions/rfd3_c02_a163_181_all_10_40/rfdiffusion_outputs/design_6.pdb,/public/home/yinyifan/protein_design/examples/rsv_f_siteV_hRSV90_reproduction_5TPN_20260629/rfd3_parameter_sweep/conditions/rfd3_c02_a163_181_all_10_40/foundry_rfd3/raw_outputs/input_motif_scaffold_3_model_0.cif.gz,/public/home/yinyifan/protein_design/examples/rsv_f_siteV_hRSV90_reproduction_5TPN_20260629/rfd3_parameter_sweep/conditions/rfd3_c02_a163_181_all_10_40/rfdiffusion_outputs/design_6.trb,0.0125411,76,0,19,19,complete,31,52,0,foundry_normalized,/public/home/yinyifan/protein_design/examples/rsv_f_siteV_hRSV90_reproduction_5TPN_20260629/rfd3_parameter_sweep/conditions/rfd3_c02_a163_181_all_10_40/rfdiffusion_outputs/design_6.foundry_metadata.json
foundry_rfd3,design_7,/public/home/yinyifan/protein_design/examples/rsv_f_siteV_hRSV90_reproduction_5TPN_20260629/rfd3_parameter_sweep/conditions/rfd3_c02_a163_181_all_10_40/rfdiffusion_outputs/design_7.pdb,/public/home/yinyifan/protein_design/examples/rsv_f_siteV_hRSV90_reproduction_5TPN_20260629/rfd3_parameter_sweep/conditions/rfd3_c02_a163_181_all_10_40/foundry_rfd3/raw_outputs/input_motif_scaffold_3_model_1.cif.gz,/public/home/yinyifan/protein_design/examples/rsv_f_siteV_hRSV90_reproduction_5TPN_20260629/rfd3_parameter_sweep/conditions/rfd3_c02_a163_181_all_10_40/rfdiffusion_outputs/design_7.trb,0.0125411,76,0,19,19,complete,31,52,0,foundry_normalized,/public/home/yinyifan/protein_design/examples/rsv_f_siteV_hRSV90_reproduction_5TPN_20260629/rfd3_parameter_sweep/conditions/rfd3_c02_a163_181_all_10_40/rfdiffusion_outputs/design_7.foundry_metadata.json
foundry_rfd3,design_8,/public/home/yinyifan/protein_design/examples/rsv_f_siteV_hRSV90_reproduction_5TPN_20260629/rfd3_parameter_sweep/conditions/rfd3_c02_a163_181_all_10_40/rfdiffusion_outputs/design_8.pdb,/public/home/yinyifan/protein_design/examples/rsv_f_siteV_hRSV90_reproduction_5TPN_20260629/rfd3_parameter_sweep/conditions/rfd3_c02_a163_181_all_10_40/foundry_rfd3/raw_outputs/input_motif_scaffold_4_model_0.cif.gz,/public/home/yinyifan/protein_design/examples/rsv_f_siteV_hRSV90_reproduction_5TPN_20260629/rfd3_parameter_sweep/conditions/rfd3_c02_a163_181_all_10_40/rfdiffusion_outputs/design_8.trb,0.0125411,76,0,19,19,complete,32,55,0,foundry_normalized,/public/home/yinyifan/protein_design/examples/rsv_f_siteV_hRSV90_reproduction_5TPN_20260629/rfd3_parameter_sweep/conditions/rfd3_c02_a163_181_all_10_40/rfdiffusion_outputs/design_8.foundry_metadata.json
foundry_rfd3,design_9,/public/home/yinyifan/protein_design/examples/rsv_f_siteV_hRSV90_reproduction_5TPN_20260629/rfd3_parameter_sweep/conditions/rfd3_c02_a163_181_all_10_40/rfdiffusion_outputs/design_9.pdb,/public/home/yinyifan/protein_design/examples/rsv_f_siteV_hRSV90_reproduction_5TPN_20260629/rfd3_parameter_sweep/conditions/rfd3_c02_a163_181_all_10_40/foundry_rfd3/raw_outputs/input_motif_scaffold_4_model_1.cif.gz,/public/home/yinyifan/protein_design/examples/rsv_f_siteV_hRSV90_reproduction_5TPN_20260629/rfd3_parameter_sweep/conditions/rfd3_c02_a163_181_all_10_40/rfdiffusion_outputs/design_9.trb,0.0125411,76,0,19,19,complete,32,55,0,foundry_normalized,/public/home/yinyifan/protein_design/examples/rsv_f_siteV_hRSV90_reproduction_5TPN_20260629/rfd3_parameter_sweep/conditions/rfd3_c02_a163_181_all_10_40/rfdiffusion_outputs/design_9.foundry_metadata.json
foundry_rfd3,design_10,/public/home/yinyifan/protein_design/examples/rsv_f_siteV_hRSV90_reproduction_5TPN_20260629/rfd3_parameter_sweep/conditions/rfd3_c02_a163_181_all_10_40/rfdiffusion_outputs/design_10.pdb,/public/home/yinyifan/protein_design/examples/rsv_f_siteV_hRSV90_reproduction_5TPN_20260629/rfd3_parameter_sweep/conditions/rfd3_c02_a163_181_all_10_40/foundry_rfd3/raw_outputs/input_motif_scaffold_5_model_0.cif.gz,/public/home/yinyifan/protein_design/examples/rsv_f_siteV_hRSV90_reproduction_5TPN_20260629/rfd3_parameter_sweep/conditions/rfd3_c02_a163_181_all_10_40/rfdiffusion_outputs/design_10.trb,0.0125411,76,0,19,19,complete,39,59,0,foundry_normalized,/public/home/yinyifan/protein_design/examples/rsv_f_siteV_hRSV90_reproduction_5TPN_20260629/rfd3_parameter_sweep/conditions/rfd3_c02_a163_181_all_10_40/rfdiffusion_outputs/design_10.foundry_metadata.json
foundry_rfd3,design_11,/public/home/yinyifan/protein_design/examples/rsv_f_siteV_hRSV90_reproduction_5TPN_20260629/rfd3_parameter_sweep/conditions/rfd3_c02_a163_181_all_10_40/rfdiffusion_outputs/design_11.pdb,/public/home/yinyifan/protein_design/examples/rsv_f_siteV_hRSV90_reproduction_5TPN_20260629/rfd3_parameter_sweep/conditions/rfd3_c02_a163_181_all_10_40/foundry_rfd3/raw_outputs/input_motif_scaffold_5_model_1.cif.gz,/public/home/yinyifan/protein_design/examples/rsv_f_siteV_hRSV90_reproduction_5TPN_20260629/rfd3_parameter_sweep/conditions/rfd3_c02_a163_181_all_10_40/rfdiffusion_outputs/design_11.trb,0.0125411,76,0,19,19,complete,38,59,2,foundry_normalized,/public/home/yinyifan/protein_design/examples/rsv_f_siteV_hRSV90_reproduction_5TPN_20260629/rfd3_parameter_sweep/conditions/rfd3_c02_a163_181_all_10_40/rfdiffusion_outputs/design_11.foundry_metadata.json
foundry_rfd3,design_12,/public/home/yinyifan/protein_design/examples/rsv_f_siteV_hRSV90_reproduction_5TPN_20260629/rfd3_parameter_sweep/conditions/rfd3_c02_a163_181_all_10_40/rfdiffusion_outputs/design_12.pdb,/public/home/yinyifan/protein_design/examples/rsv_f_siteV_hRSV90_reproduction_5TPN_20260629/rfd3_parameter_sweep/conditions/rfd3_c02_a163_181_all_10_40/foundry_rfd3/raw_outputs/input_motif_scaffold_6_model_0.cif.gz,/public/home/yinyifan/protein_design/examples/rsv_f_siteV_hRSV90_reproduction_5TPN_20260629/rfd3_parameter_sweep/conditions/rfd3_c02_a163_181_all_10_40/rfdiffusion_outputs/design_12.trb,0.0125411,76,0,19,19,complete,25,48,0,foundry_normalized,/public/home/yinyifan/protein_design/examples/rsv_f_siteV_hRSV90_reproduction_5TPN_20260629/rfd3_parameter_sweep/conditions/rfd3_c02_a163_181_all_10_40/rfdiffusion_outputs/design_12.foundry_metadata.json
foundry_rfd3,design_13,/public/home/yinyifan/protein_design/examples/rsv_f_siteV_hRSV90_reproduction_5TPN_20260629/rfd3_parameter_sweep/conditions/rfd3_c02_a163_181_all_10_40/rfdiffusion_outputs/design_13.pdb,/public/home/yinyifan/protein_design/examples/rsv_f_siteV_hRSV90_reproduction_5TPN_20260629/rfd3_parameter_sweep/conditions/rfd3_c02_a163_181_all_10_40/foundry_rfd3/raw_outputs/input_motif_scaffold_6_model_1.cif.gz,/public/home/yinyifan/protein_design/examples/rsv_f_siteV_hRSV90_reproduction_5TPN_20260629/rfd3_parameter_sweep/conditions/rfd3_c02_a163_181_all_10_40/rfdiffusion_outputs/design_13.trb,0.0125411,76,0,19,19,complete,29,48,0,foundry_normalized,/public/home/yinyifan/protein_design/examples/rsv_f_siteV_hRSV90_reproduction_5TPN_20260629/rfd3_parameter_sweep/conditions/rfd3_c02_a163_181_all_10_40/rfdiffusion_outputs/design_13.foundry_metadata.json
foundry_rfd3,design_14,/public/home/yinyifan/protein_design/examples/rsv_f_siteV_hRSV90_reproduction_5TPN_20260629/rfd3_parameter_sweep/conditions/rfd3_c02_a163_181_all_10_40/rfdiffusion_outputs/design_14.pdb,/public/home/yinyifan/protein_design/examples/rsv_f_siteV_hRSV90_reproduction_5TPN_20260629/rfd3_parameter_sweep/conditions/rfd3_c02_a163_181_all_10_40/foundry_rfd3/raw_outputs/input_motif_scaffold_7_model_0.cif.gz,/public/home/yinyifan/protein_design/examples/rsv_f_siteV_hRSV90_reproduction_5TPN_20260629/rfd3_parameter_sweep/conditions/rfd3_c02_a163_181_all_10_40/rfdiffusion_outputs/design_14.trb,0.0125411,76,0,19,19,complete,28,50,0,foundry_normalized,/public/home/yinyifan/protein_design/examples/rsv_f_siteV_hRSV90_reproduction_5TPN_20260629/rfd3_parameter_sweep/conditions/rfd3_c02_a163_181_all_10_40/rfdiffusion_outputs/design_14.foundry_metadata.json
foundry_rfd3,design_15,/public/home/yinyifan/protein_design/examples/rsv_f_siteV_hRSV90_reproduction_5TPN_20260629/rfd3_parameter_sweep/conditions/rfd3_c02_a163_181_all_10_40/rfdiffusion_outputs/design_15.pdb,/public/home/yinyifan/protein_design/examples/rsv_f_siteV_hRSV90_reproduction_5TPN_20260629/rfd3_parameter_sweep/conditions/rfd3_c02_a163_181_all_10_40/foundry_rfd3/raw_outputs/input_motif_scaffold_7_model_1.cif.gz,/public/home/yinyifan/protein_design/examples/rsv_f_siteV_hRSV90_reproduction_5TPN_20260629/rfd3_parameter_sweep/conditions/rfd3_c02_a163_181_all_10_40/rfdiffusion_outputs/design_15.trb,0.0125411,76,0,19,19,complete,30,50,0,foundry_normalized,/public/home/yinyifan/protein_design/examples/rsv_f_siteV_hRSV90_reproduction_5TPN_20260629/rfd3_parameter_sweep/conditions/rfd3_c02_a163_181_all_10_40/rfdiffusion_outputs/design_15.foundry_metadata.json
foundry_rfd3,design_16,/public/home/yinyifan/protein_design/examples/rsv_f_siteV_hRSV90_reproduction_5TPN_20260629/rfd3_parameter_sweep/conditions/rfd3_c02_a163_181_all_10_40/rfdiffusion_outputs/design_16.pdb,/public/home/yinyifan/protein_design/examples/rsv_f_siteV_hRSV90_reproduction_5TPN_20260629/rfd3_parameter_sweep/conditions/rfd3_c02_a163_181_all_10_40/foundry_rfd3/raw_outputs/input_motif_scaffold_8_model_0.cif.gz,/public/home/yinyifan/protein_design/examples/rsv_f_siteV_hRSV90_reproduction_5TPN_20260629/rfd3_parameter_sweep/conditions/rfd3_c02_a163_181_all_10_40/rfdiffusion_outputs/design_16.trb,0.0125411,76,0,19,19,complete,46,77,0,foundry_normalized,/public/home/yinyifan/protein_design/examples/rsv_f_siteV_hRSV90_reproduction_5TPN_20260629/rfd3_parameter_sweep/conditions/rfd3_c02_a163_181_all_10_40/rfdiffusion_outputs/design_16.foundry_metadata.json
foundry_rfd3,design_17,/public/home/yinyifan/protein_design/examples/rsv_f_siteV_hRSV90_reproduction_5TPN_20260629/rfd3_parameter_sweep/conditions/rfd3_c02_a163_181_all_10_40/rfdiffusion_outputs/design_17.pdb,/public/home/yinyifan/protein_design/examples/rsv_f_siteV_hRSV90_reproduction_5TPN_20260629/rfd3_parameter_sweep/conditions/rfd3_c02_a163_181_all_10_40/foundry_rfd3/raw_outputs/input_motif_scaffold_8_model_1.cif.gz,/public/home/yinyifan/protein_design/examples/rsv_f_siteV_hRSV90_reproduction_5TPN_20260629/rfd3_parameter_sweep/conditions/rfd3_c02_a163_181_all_10_40/rfdiffusion_outputs/design_17.trb,0.0125411,76,0,19,19,complete,55,77,1,foundry_normalized,/public/home/yinyifan/protein_design/examples/rsv_f_siteV_hRSV90_reproduction_5TPN_20260629/rfd3_parameter_sweep/conditions/rfd3_c02_a163_181_all_10_40/rfdiffusion_outputs/design_17.foundry_metadata.json
foundry_rfd3,design_18,/public/home/yinyifan/protein_design/examples/rsv_f_siteV_hRSV90_reproduction_5TPN_20260629/rfd3_parameter_sweep/conditions/rfd3_c02_a163_181_all_10_40/rfdiffusion_outputs/design_18.pdb,/public/home/yinyifan/protein_design/examples/rsv_f_siteV_hRSV90_reproduction_5TPN_20260629/rfd3_parameter_sweep/conditions/rfd3_c02_a163_181_all_10_40/foundry_rfd3/raw_outputs/input_motif_scaffold_9_model_0.cif.gz,/public/home/yinyifan/protein_design/examples/rsv_f_siteV_hRSV90_reproduction_5TPN_20260629/rfd3_parameter_sweep/conditions/rfd3_c02_a163_181_all_10_40/rfdiffusion_outputs/design_18.trb,0.0125411,76,0,19,19,complete,62,85,0,foundry_normalized,/public/home/yinyifan/protein_design/examples/rsv_f_siteV_hRSV90_reproduction_5TPN_20260629/rfd3_parameter_sweep/conditions/rfd3_c02_a163_181_all_10_40/rfdiffusion_outputs/design_18.foundry_metadata.json
foundry_rfd3,design_19,/public/home/yinyifan/protein_design/examples/rsv_f_siteV_hRSV90_reproduction_5TPN_20260629/rfd3_parameter_sweep/conditions/rfd3_c02_a163_181_all_10_40/rfdiffusion_outputs/design_19.pdb,/public/home/yinyifan/protein_design/examples/rsv_f_siteV_hRSV90_reproduction_5TPN_20260629/rfd3_parameter_sweep/conditions/rfd3_c02_a163_181_all_10_40/foundry_rfd3/raw_outputs/input_motif_scaffold_9_model_1.cif.gz,/public/home/yinyifan/protein_design/examples/rsv_f_siteV_hRSV90_reproduction_5TPN_20260629/rfd3_parameter_sweep/conditions/rfd3_c02_a163_181_all_10_40/rfdiffusion_outputs/design_19.trb,0.0125411,76,0,19,19,complete,60,85,0,foundry_normalized,/public/home/yinyifan/protein_design/examples/rsv_f_siteV_hRSV90_reproduction_5TPN_20260629/rfd3_parameter_sweep/conditions/rfd3_c02_a163_181_all_10_40/rfdiffusion_outputs/design_19.foundry_metadata.json
